CASE_DATE,closure_rate_nonfatal,closure_rate_fatal,incidents_total
2013-01-01,0.513677811550152,0.375,483
2013-01-02,0.513677811550152,0.37714285714285717,482
2013-01-03,0.513677811550152,0.37714285714285717,482
2013-01-04,0.5196374622356495,0.37714285714285717,484
2013-01-05,0.5181818181818182,0.3793103448275862,482
2013-01-06,0.5137614678899083,0.3793103448275862,479
2013-01-07,0.5167173252279635,0.3815028901734104,480
2013-01-08,0.5197568389057751,0.3815028901734104,480
2013-01-09,0.5152439024390244,0.3815028901734104,479
2013-01-10,0.5152439024390244,0.3815028901734104,479
2013-01-11,0.5152439024390244,0.3793103448275862,480
2013-01-12,0.513677811550152,0.37714285714285717,481
2013-01-13,0.5166163141993958,0.3806818181818182,483
2013-01-14,0.5179640718562875,0.3806818181818182,486
2013-01-15,0.5225225225225225,0.384180790960452,485
2013-01-16,0.5196374622356495,0.38202247191011235,484
2013-01-17,0.5196374622356495,0.384180790960452,483
2013-01-18,0.5196374622356495,0.384180790960452,483
2013-01-19,0.5181818181818182,0.3806818181818182,482
2013-01-20,0.5180722891566265,0.3806818181818182,484
2013-01-21,0.5196374622356495,0.3806818181818182,483
2013-01-22,0.5180722891566265,0.3785310734463277,484
2013-01-23,0.5197568389057751,0.3785310734463277,481
2013-01-24,0.5198776758409785,0.3785310734463277,479
2013-01-25,0.5198776758409785,0.3785310734463277,479
2013-01-26,0.5213414634146342,0.3806818181818182,479
2013-01-27,0.5245398773006135,0.3785310734463277,478
2013-01-28,0.5230769230769231,0.3728813559322034,477
2013-01-29,0.5245398773006135,0.3707865168539326,479
2013-01-30,0.524390243902439,0.3743016759776536,482
2013-01-31,0.52,0.3672316384180791,478
2013-02-01,0.52,0.3651685393258427,479
2013-02-02,0.5230769230769231,0.3687150837988827,479
2013-02-03,0.5245398773006135,0.3756906077348066,482
2013-02-04,0.5245398773006135,0.3756906077348066,482
2013-02-05,0.5259938837920489,0.37777777777777777,482
2013-02-06,0.5274390243902439,0.37777777777777777,483
2013-02-07,0.5274390243902439,0.37777777777777777,483
2013-02-08,0.5288753799392097,0.37988826815642457,483
2013-02-09,0.5288753799392097,0.37988826815642457,483
2013-02-10,0.5304878048780488,0.37988826815642457,482
2013-02-11,0.5276073619631901,0.3743016759776536,480
2013-02-12,0.5259938837920489,0.37640449438202245,480
2013-02-13,0.5259938837920489,0.37640449438202245,480
2013-02-14,0.5245398773006135,0.37640449438202245,479
2013-02-15,0.5245398773006135,0.37640449438202245,479
2013-02-16,0.5261538461538462,0.37640449438202245,478
2013-02-17,0.5246913580246914,0.37640449438202245,477
2013-02-18,0.5246913580246914,0.37988826815642457,478
2013-02-19,0.5246913580246914,0.38333333333333336,479
2013-02-20,0.5246913580246914,0.38333333333333336,479
2013-02-21,0.5232198142414861,0.3867403314917127,479
2013-02-22,0.5201238390092879,0.3812154696132597,479
2013-02-23,0.5216049382716049,0.3812154696132597,480
2013-02-24,0.5216049382716049,0.38461538461538464,481
2013-02-25,0.5170278637770898,0.38461538461538464,480
2013-02-26,0.515527950310559,0.38461538461538464,479
2013-02-27,0.514018691588785,0.38461538461538464,478
2013-02-28,0.5170278637770898,0.3867403314917127,479
2013-03-01,0.5185185185185185,0.3867403314917127,480
2013-03-02,0.5201238390092879,0.391304347826087,482
2013-03-03,0.5170278637770898,0.3891891891891892,483
2013-03-04,0.5171339563862928,0.3879781420765027,479
2013-03-05,0.515527950310559,0.38461538461538464,479
2013-03-06,0.5171339563862928,0.38461538461538464,478
2013-03-07,0.5171339563862928,0.3867403314917127,477
2013-03-08,0.515527950310559,0.3867403314917127,478
2013-03-09,0.515527950310559,0.3867403314917127,478
2013-03-10,0.5170278637770898,0.38333333333333336,478
2013-03-11,0.5201238390092879,0.38333333333333336,478
2013-03-12,0.5201238390092879,0.38333333333333336,478
2013-03-13,0.5186335403726708,0.37988826815642457,476
2013-03-14,0.5202492211838006,0.37988826815642457,475
2013-03-15,0.5202492211838006,0.37988826815642457,475
2013-03-16,0.521875,0.3785310734463277,472
2013-03-17,0.5235109717868338,0.37988826815642457,473
2013-03-18,0.5236593059936908,0.3812154696132597,473
2013-03-19,0.5221518987341772,0.37362637362637363,473
2013-03-20,0.5206349206349207,0.3701657458563536,471
2013-03-21,0.5222929936305732,0.37222222222222223,469
2013-03-22,0.5222929936305732,0.37222222222222223,469
2013-03-23,0.5222929936305732,0.3743016759776536,468
2013-03-24,0.5239616613418531,0.37640449438202245,466
2013-03-25,0.5241157556270096,0.3728813559322034,463
2013-03-26,0.5275080906148867,0.3728813559322034,461
2013-03-27,0.5275080906148867,0.375,460
2013-03-28,0.5290322580645161,0.3728813559322034,462
2013-03-29,0.525974025974026,0.3707865168539326,461
2013-03-30,0.525974025974026,0.3672316384180791,460
2013-03-31,0.5225806451612903,0.3651685393258427,463
2013-04-01,0.5210355987055016,0.3728813559322034,460
2013-04-02,0.5210355987055016,0.3693181818181818,459
2013-04-03,0.5210355987055016,0.3672316384180791,460
2013-04-04,0.5225806451612903,0.3672316384180791,461
2013-04-05,0.5225806451612903,0.3651685393258427,462
2013-04-06,0.5210355987055016,0.3651685393258427,461
2013-04-07,0.5210355987055016,0.3615819209039548,460
2013-04-08,0.5194805194805194,0.35795454545454547,458
2013-04-09,0.5194805194805194,0.35428571428571426,457
2013-04-10,0.5192307692307693,0.3522727272727273,461
2013-04-11,0.5192307692307693,0.3522727272727273,461
2013-04-12,0.5207667731629393,0.3559322033898305,462
2013-04-13,0.5174603174603175,0.3559322033898305,464
2013-04-14,0.5141955835962145,0.3563218390804598,463
2013-04-15,0.5141955835962145,0.3563218390804598,463
2013-04-16,0.5141955835962145,0.3583815028901734,461
2013-04-17,0.5159235668789809,0.36046511627906974,457
2013-04-18,0.5205047318611987,0.36627906976744184,460
2013-04-19,0.5203761755485894,0.3620689655172414,464
2013-04-20,0.5188679245283019,0.3620689655172414,463
2013-04-21,0.5205047318611987,0.3620689655172414,462
2013-04-22,0.5189873417721519,0.3620689655172414,461
2013-04-23,0.5205047318611987,0.36046511627906974,460
2013-04-24,0.5205047318611987,0.36257309941520466,459
2013-04-25,0.5205047318611987,0.36416184971098264,460
2013-04-26,0.5205047318611987,0.36416184971098264,460
2013-04-27,0.5173501577287066,0.36416184971098264,460
2013-04-28,0.5173501577287066,0.36416184971098264,460
2013-04-29,0.5173501577287066,0.36416184971098264,460
2013-04-30,0.5173501577287066,0.3620689655172414,461
2013-05-01,0.5142857142857142,0.3620689655172414,459
2013-05-02,0.5159235668789809,0.3657142857142857,459
2013-05-03,0.5159235668789809,0.3657142857142857,459
2013-05-04,0.5192307692307693,0.3620689655172414,456
2013-05-05,0.5176848874598071,0.36,455
2013-05-06,0.5176848874598071,0.3620689655172414,454
2013-05-07,0.5176848874598071,0.3693181818181818,456
2013-05-08,0.5176848874598071,0.37142857142857144,455
2013-05-09,0.5176848874598071,0.37142857142857144,455
2013-05-10,0.5143769968051118,0.37142857142857144,457
2013-05-11,0.5127388535031847,0.375,459
2013-05-12,0.5191082802547771,0.375,459
2013-05-13,0.5159235668789809,0.3735632183908046,457
2013-05-14,0.5159235668789809,0.37572254335260113,456
2013-05-15,0.5141955835962145,0.37572254335260113,459
2013-05-16,0.5141955835962145,0.37790697674418605,458
2013-05-17,0.5157232704402516,0.3815028901734104,460
2013-05-18,0.5172413793103449,0.38372093023255816,460
2013-05-19,0.5189873417721519,0.38372093023255816,457
2013-05-20,0.5174603174603175,0.3815028901734104,457
2013-05-21,0.5141065830721003,0.3815028901734104,461
2013-05-22,0.5171339563862928,0.3850574712643678,463
2013-05-23,0.5186335403726708,0.3815028901734104,463
2013-05-24,0.5172413793103449,0.38953488372093026,459
2013-05-25,0.5157232704402516,0.3930635838150289,459
2013-05-26,0.5124223602484472,0.39766081871345027,461
2013-05-27,0.5139318885448917,0.4,462
2013-05-28,0.5139318885448917,0.4,462
2013-05-29,0.5123456790123457,0.39644970414201186,462
2013-05-30,0.5139318885448917,0.3941176470588235,462
2013-05-31,0.5139318885448917,0.3953488372093023,464
2013-06-01,0.5107692307692308,0.3953488372093023,466
2013-06-02,0.5107692307692308,0.391812865497076,465
2013-06-03,0.5123456790123457,0.39766081871345027,464
2013-06-04,0.515625,0.3941176470588235,460
2013-06-05,0.5185185185185185,0.40236686390532544,463
2013-06-06,0.5170278637770898,0.4,463
2013-06-07,0.5186335403726708,0.4,462
2013-06-08,0.5216049382716049,0.40236686390532544,463
2013-06-09,0.5214723926380368,0.40236686390532544,465
2013-06-10,0.5169230769230769,0.40236686390532544,464
2013-06-11,0.5201238390092879,0.39644970414201186,462
2013-06-12,0.5169230769230769,0.39644970414201186,464
2013-06-13,0.5184049079754601,0.39644970414201186,465
2013-06-14,0.5168195718654435,0.39644970414201186,466
2013-06-15,0.5121951219512195,0.3941176470588235,468
2013-06-16,0.5185185185185185,0.3941176470588235,464
2013-06-17,0.5198776758409785,0.391812865497076,468
2013-06-18,0.5214723926380368,0.391812865497076,467
2013-06-19,0.5168195718654435,0.38823529411764707,467
2013-06-20,0.513677811550152,0.38823529411764707,469
2013-06-21,0.5151515151515151,0.391812865497076,471
2013-06-22,0.5105740181268882,0.39080459770114945,474
2013-06-23,0.5120481927710844,0.39204545454545453,477
2013-06-24,0.5089820359281437,0.38857142857142857,478
2013-06-25,0.5104477611940299,0.384180790960452,480
2013-06-26,0.5133531157270029,0.38636363636363635,481
2013-06-27,0.5132743362831859,0.38764044943820225,483
2013-06-28,0.514792899408284,0.3854748603351955,483
2013-06-29,0.5176470588235295,0.3854748603351955,485
2013-06-30,0.5205882352941177,0.3854748603351955,485
2013-07-01,0.5189504373177842,0.3854748603351955,488
2013-07-02,0.5174418604651163,0.3888888888888889,490
2013-07-03,0.5174418604651163,0.39106145251396646,490
2013-07-04,0.5145348837209303,0.39106145251396646,490
2013-07-05,0.5159420289855072,0.39325842696629215,490
2013-07-06,0.5130434782608696,0.3898305084745763,489
2013-07-07,0.5116279069767442,0.3898305084745763,488
2013-07-08,0.5146198830409356,0.39204545454545453,485
2013-07-09,0.5131195335276968,0.3898305084745763,486
2013-07-10,0.5131195335276968,0.3898305084745763,486
2013-07-11,0.5116279069767442,0.3898305084745763,487
2013-07-12,0.5116959064327485,0.3898305084745763,485
2013-07-13,0.5087209302325582,0.39325842696629215,488
2013-07-14,0.5087719298245614,0.39325842696629215,486
2013-07-15,0.5087719298245614,0.39664804469273746,487
2013-07-16,0.5116959064327485,0.39664804469273746,488
2013-07-17,0.5103244837758112,0.39325842696629215,485
2013-07-18,0.5103857566765578,0.39325842696629215,483
2013-07-19,0.5103857566765578,0.39325842696629215,483
2013-07-20,0.5119047619047619,0.39325842696629215,482
2013-07-21,0.5104477611940299,0.39325842696629215,481
2013-07-22,0.5088235294117647,0.4,487
2013-07-23,0.5117647058823529,0.4022346368715084,486
2013-07-24,0.5131964809384164,0.4022346368715084,487
2013-07-25,0.5131964809384164,0.4022346368715084,487
2013-07-26,0.5088235294117647,0.40782122905027934,485
2013-07-27,0.5088235294117647,0.4101123595505618,484
2013-07-28,0.5058479532163743,0.4067796610169492,485
2013-07-29,0.5058479532163743,0.4067796610169492,485
2013-07-30,0.5029239766081871,0.4067796610169492,485
2013-07-31,0.5014577259475219,0.4090909090909091,486
2013-08-01,0.5014577259475219,0.4090909090909091,486
2013-08-02,0.5014577259475219,0.4090909090909091,486
2013-08-03,0.5043731778425656,0.4090909090909091,487
2013-08-04,0.5014492753623189,0.4057142857142857,488
2013-08-05,0.5,0.4057142857142857,489
2013-08-06,0.4985507246376812,0.40229885057471265,488
2013-08-07,0.4956521739130435,0.40229885057471265,488
2013-08-08,0.4956521739130435,0.40229885057471265,488
2013-08-09,0.4985507246376812,0.40229885057471265,488
2013-08-10,0.49710982658959535,0.3988439306358382,488
2013-08-11,0.49279538904899134,0.3988439306358382,489
2013-08-12,0.4899135446685879,0.40229885057471265,490
2013-08-13,0.4899713467048711,0.4090909090909091,494
2013-08-14,0.49142857142857144,0.4090909090909091,495
2013-08-15,0.49142857142857144,0.4090909090909091,495
2013-08-16,0.4899713467048711,0.4057142857142857,494
2013-08-17,0.4914772727272727,0.40804597701149425,496
2013-08-18,0.48863636363636365,0.40804597701149425,496
2013-08-19,0.49157303370786515,0.40804597701149425,500
2013-08-20,0.49019607843137253,0.41379310344827586,500
2013-08-21,0.49162011173184356,0.4161849710982659,500
2013-08-22,0.49019607843137253,0.4161849710982659,499
2013-08-23,0.49025069637883006,0.4161849710982659,501
2013-08-24,0.48746518105849584,0.41379310344827586,501
2013-08-25,0.4830508474576271,0.4114285714285714,497
2013-08-26,0.48169014084507045,0.4114285714285714,498
2013-08-27,0.4789915966386555,0.4114285714285714,500
2013-08-28,0.4789915966386555,0.4114285714285714,500
2013-08-29,0.4803370786516854,0.4090909090909091,499
2013-08-30,0.48179271708683474,0.4057142857142857,499
2013-08-31,0.48179271708683474,0.4057142857142857,499
2013-09-01,0.48450704225352115,0.4057142857142857,497
2013-09-02,0.4859550561797753,0.40804597701149425,497
2013-09-03,0.4859550561797753,0.4093567251461988,496
2013-09-04,0.48732394366197185,0.4093567251461988,495
2013-09-05,0.4887005649717514,0.4093567251461988,494
2013-09-06,0.484593837535014,0.41040462427745666,498
2013-09-07,0.48314606741573035,0.41040462427745666,497
2013-09-08,0.4859550561797753,0.4046242774566474,498
2013-09-09,0.4887640449438202,0.40229885057471265,499
2013-09-10,0.49019607843137253,0.4057142857142857,501
2013-09-11,0.49019607843137253,0.4057142857142857,501
2013-09-12,0.48732394366197185,0.4057142857142857,499
2013-09-13,0.48450704225352115,0.4034090909090909,499
2013-09-14,0.48314606741573035,0.4067796610169492,501
2013-09-15,0.48324022346368717,0.4090909090909091,502
2013-09-16,0.4860335195530726,0.4090909090909091,502
2013-09-17,0.4888268156424581,0.4114285714285714,501
2013-09-18,0.4888268156424581,0.41714285714285715,501
2013-09-19,0.49299719887955185,0.42045454545454547,500
2013-09-20,0.49299719887955185,0.4228571428571429,499
2013-09-21,0.49157303370786515,0.42045454545454547,499
2013-09-22,0.4887640449438202,0.41714285714285715,498
2013-09-23,0.48732394366197185,0.42196531791907516,495
2013-09-24,0.4887005649717514,0.4277456647398844,494
2013-09-25,0.4858757062146893,0.43023255813953487,493
2013-09-26,0.48441926345609065,0.43023255813953487,492
2013-09-27,0.4830508474576271,0.4327485380116959,492
2013-09-28,0.4830508474576271,0.4294117647058823,491
2013-09-29,0.4830508474576271,0.4294117647058823,491
2013-09-30,0.48169014084507045,0.4294117647058823,492
2013-10-01,0.48169014084507045,0.4319526627218935,491
2013-10-02,0.48169014084507045,0.4319526627218935,491
2013-10-03,0.480225988700565,0.4311377245508982,488
2013-10-04,0.4774011299435028,0.4311377245508982,488
2013-10-05,0.47752808988764045,0.4311377245508982,490
2013-10-06,0.4789915966386555,0.4311377245508982,491
2013-10-07,0.4788732394366197,0.43373493975903615,488
2013-10-08,0.480225988700565,0.43636363636363634,486
2013-10-09,0.4788732394366197,0.43636363636363634,487
2013-10-10,0.4788732394366197,0.43636363636363634,487
2013-10-11,0.47752808988764045,0.43636363636363634,488
2013-10-12,0.47752808988764045,0.4329268292682927,487
2013-10-13,0.4745762711864407,0.4329268292682927,485
2013-10-14,0.4715909090909091,0.4303030303030303,484
2013-10-15,0.4714285714285714,0.42771084337349397,483
2013-10-16,0.47293447293447294,0.42771084337349397,484
2013-10-17,0.47293447293447294,0.4311377245508982,485
2013-10-18,0.47277936962750716,0.42857142857142855,484
2013-10-19,0.4755043227665706,0.4260355029585799,483
2013-10-20,0.4755043227665706,0.4226190476190476,482
2013-10-21,0.4755043227665706,0.4226190476190476,482
2013-10-22,0.4755043227665706,0.4260355029585799,483
2013-10-23,0.476878612716763,0.4260355029585799,482
2013-10-24,0.4738372093023256,0.42857142857142855,479
2013-10-25,0.47674418604651164,0.42857142857142855,479
2013-10-26,0.47674418604651164,0.4260355029585799,480
2013-10-27,0.48104956268221577,0.4260355029585799,479
2013-10-28,0.48104956268221577,0.4260355029585799,479
2013-10-29,0.48255813953488375,0.4294117647058823,481
2013-10-30,0.48255813953488375,0.4235294117647059,481
2013-10-31,0.4839650145772595,0.42011834319526625,480
2013-11-01,0.4824561403508772,0.4166666666666667,478
2013-11-02,0.48405797101449277,0.4166666666666667,481
2013-11-03,0.48405797101449277,0.41566265060240964,479
2013-11-04,0.4897360703812317,0.41818181818181815,474
2013-11-05,0.4897360703812317,0.41916167664670656,476
2013-11-06,0.49122807017543857,0.41916167664670656,477
2013-11-07,0.49122807017543857,0.4260355029585799,479
2013-11-08,0.49271137026239065,0.4226190476190476,479
2013-11-09,0.48985507246376814,0.4176470588235294,482
2013-11-10,0.4883720930232558,0.4176470588235294,481
2013-11-11,0.4883720930232558,0.4176470588235294,481
2013-11-12,0.49127906976744184,0.4152046783625731,482
2013-11-13,0.4897959183673469,0.4093567251461988,482
2013-11-14,0.48830409356725146,0.4152046783625731,481
2013-11-15,0.48830409356725146,0.4127906976744186,481
2013-11-16,0.4868804664723032,0.41040462427745666,482
2013-11-17,0.48830409356725146,0.41379310344827586,482
2013-11-18,0.4897360703812317,0.41040462427745666,480
2013-11-19,0.4897360703812317,0.40804597701149425,481
2013-11-20,0.4881656804733728,0.4046242774566474,478
2013-11-21,0.48520710059171596,0.4011627906976744,477
2013-11-22,0.48520710059171596,0.39766081871345027,476
2013-11-23,0.4837758112094395,0.3953488372093023,478
2013-11-24,0.4823529411764706,0.39766081871345027,478
2013-11-25,0.4838709677419355,0.40236686390532544,477
2013-11-26,0.4852941176470588,0.40588235294117647,477
2013-11-27,0.4837758112094395,0.40588235294117647,476
2013-11-28,0.4837758112094395,0.40588235294117647,476
2013-11-29,0.4822485207100592,0.40588235294117647,475
2013-11-30,0.48214285714285715,0.40588235294117647,473
2013-12-01,0.4835820895522388,0.40588235294117647,472
2013-12-02,0.4791666666666667,0.40588235294117647,473
2013-12-03,0.47774480712166173,0.40588235294117647,474
2013-12-04,0.4778761061946903,0.40350877192982454,477
2013-12-05,0.47928994082840237,0.4011627906976744,477
2013-12-06,0.4807121661721068,0.4011627906976744,476
2013-12-07,0.4822485207100592,0.40350877192982454,476
2013-12-08,0.4837758112094395,0.40588235294117647,476
2013-12-09,0.4837758112094395,0.40588235294117647,476
2013-12-10,0.48520710059171596,0.40236686390532544,475
2013-12-11,0.48520710059171596,0.4,476
2013-12-12,0.4822485207100592,0.39766081871345027,477
2013-12-13,0.4836795252225519,0.39766081871345027,476
2013-12-14,0.4836795252225519,0.3953488372093023,477
2013-12-15,0.48214285714285715,0.38953488372093026,477
2013-12-16,0.4820359281437126,0.38953488372093026,475
2013-12-17,0.48214285714285715,0.38596491228070173,476
2013-12-18,0.4807121661721068,0.38596491228070173,477
2013-12-19,0.48059701492537316,0.38953488372093026,476
2013-12-20,0.4791666666666667,0.3930635838150289,478
2013-12-21,0.4837758112094395,0.39655172413793105,481
2013-12-22,0.4838709677419355,0.3942857142857143,483
2013-12-23,0.4824561403508772,0.39204545454545453,485
2013-12-24,0.4824561403508772,0.3942857142857143,485
2013-12-25,0.4824561403508772,0.3942857142857143,485
2013-12-26,0.48104956268221577,0.3942857142857143,486
2013-12-27,0.48104956268221577,0.3942857142857143,486
2013-12-28,0.4780058651026393,0.39655172413793105,484
2013-12-29,0.4838709677419355,0.3942857142857143,485
2013-12-30,0.4823529411764706,0.3942857142857143,484
2013-12-31,0.4809384164222874,0.3942857142857143,485
2014-01-01,0.4838709677419355,0.3977272727272727,486
2014-01-02,0.4823529411764706,0.39325842696629215,487
2014-01-03,0.4838709677419355,0.39106145251396646,489
2014-01-04,0.47928994082840237,0.39106145251396646,486
2014-01-05,0.4764705882352941,0.39106145251396646,488
2014-01-06,0.4764705882352941,0.39226519337016574,490
2014-01-07,0.47337278106508873,0.39226519337016574,488
2014-01-08,0.47337278106508873,0.3901098901098901,489
2014-01-09,0.47633136094674555,0.39344262295081966,489
2014-01-10,0.47619047619047616,0.3945945945945946,489
2014-01-11,0.47619047619047616,0.3967391304347826,488
2014-01-12,0.47774480712166173,0.3945945945945946,491
2014-01-13,0.47619047619047616,0.391304347826087,490
2014-01-14,0.47305389221556887,0.391304347826087,488
2014-01-15,0.46987951807228917,0.3879781420765027,486
2014-01-16,0.46987951807228917,0.3901098901098901,485
2014-01-17,0.47147147147147145,0.3879781420765027,487
2014-01-18,0.47147147147147145,0.3879781420765027,487
2014-01-19,0.4746268656716418,0.3879781420765027,489
2014-01-20,0.4746268656716418,0.3879781420765027,489
2014-01-21,0.4732142857142857,0.3879781420765027,490
2014-01-22,0.4732142857142857,0.3901098901098901,490
2014-01-23,0.47337278106508873,0.3901098901098901,492
2014-01-24,0.47337278106508873,0.3901098901098901,492
2014-01-25,0.47337278106508873,0.3879781420765027,493
2014-01-26,0.47181008902077154,0.3879781420765027,492
2014-01-27,0.47181008902077154,0.3879781420765027,492
2014-01-28,0.47477744807121663,0.39344262295081966,491
2014-01-29,0.47181008902077154,0.3956043956043956,490
2014-01-30,0.47181008902077154,0.391304347826087,492
2014-01-31,0.47337278106508873,0.391304347826087,493
2014-02-01,0.47337278106508873,0.39344262295081966,492
2014-02-02,0.47181008902077154,0.3901098901098901,491
2014-02-03,0.4688427299703264,0.38333333333333336,489
2014-02-04,0.4688427299703264,0.38333333333333336,489
2014-02-05,0.47023809523809523,0.3867403314917127,489
2014-02-06,0.46865671641791046,0.3867403314917127,488
2014-02-07,0.4688427299703264,0.3867403314917127,490
2014-02-08,0.4658753709198813,0.3867403314917127,490
2014-02-09,0.4658753709198813,0.3867403314917127,490
2014-02-10,0.4658753709198813,0.38461538461538464,491
2014-02-11,0.4658753709198813,0.3879781420765027,492
2014-02-12,0.46726190476190477,0.3879781420765027,491
2014-02-13,0.46726190476190477,0.3879781420765027,491
2014-02-14,0.46567164179104475,0.3879781420765027,490
2014-02-15,0.46567164179104475,0.3879781420765027,490
2014-02-16,0.46567164179104475,0.3879781420765027,490
2014-02-17,0.46567164179104475,0.3879781420765027,490
2014-02-18,0.46567164179104475,0.38461538461538464,489
2014-02-19,0.46567164179104475,0.3812154696132597,488
2014-02-20,0.4626865671641791,0.3812154696132597,488
2014-02-21,0.4626865671641791,0.3756906077348066,488
2014-02-22,0.46407185628742514,0.37777777777777777,486
2014-02-23,0.46107784431137727,0.3756906077348066,487
2014-02-24,0.46107784431137727,0.3756906077348066,487
2014-02-25,0.4624624624624625,0.37362637362637363,487
2014-02-26,0.4626865671641791,0.37362637362637363,489
2014-02-27,0.4626865671641791,0.37362637362637363,489
2014-02-28,0.4594594594594595,0.37362637362637363,487
2014-03-01,0.46107784431137727,0.37362637362637363,488
2014-03-02,0.4626865671641791,0.3687150837988827,486
2014-03-03,0.46407185628742514,0.3707865168539326,484
2014-03-04,0.46407185628742514,0.3672316384180791,483
2014-03-05,0.46546546546546547,0.3672316384180791,482
2014-03-06,0.46546546546546547,0.3672316384180791,482
2014-03-07,0.463855421686747,0.3651685393258427,482
2014-03-08,0.4652567975830816,0.3651685393258427,481
2014-03-09,0.463855421686747,0.3651685393258427,482
2014-03-10,0.463855421686747,0.3651685393258427,482
2014-03-11,0.4622356495468278,0.3651685393258427,481
2014-03-12,0.463855421686747,0.3651685393258427,482
2014-03-13,0.463855421686747,0.3651685393258427,482
2014-03-14,0.46407185628742514,0.3687150837988827,485
2014-03-15,0.46567164179104475,0.3687150837988827,486
2014-03-16,0.46865671641791046,0.3687150837988827,486
2014-03-17,0.46726190476190477,0.3672316384180791,485
2014-03-18,0.46726190476190477,0.3657142857142857,483
2014-03-19,0.46726190476190477,0.3699421965317919,481
2014-03-20,0.46726190476190477,0.3699421965317919,481
2014-03-21,0.46726190476190477,0.3699421965317919,481
2014-03-22,0.46726190476190477,0.3699421965317919,481
2014-03-23,0.46726190476190477,0.3699421965317919,481
2014-03-24,0.4658753709198813,0.3699421965317919,482
2014-03-25,0.4688427299703264,0.3735632183908046,482
2014-03-26,0.4688427299703264,0.3735632183908046,482
2014-03-27,0.47041420118343197,0.3735632183908046,483
2014-03-28,0.46745562130177515,0.37572254335260113,482
2014-03-29,0.46745562130177515,0.37790697674418605,481
2014-03-30,0.46745562130177515,0.37790697674418605,481
2014-03-31,0.4647058823529412,0.37790697674418605,482
2014-04-01,0.46176470588235297,0.3742690058479532,482
2014-04-02,0.46017699115044247,0.3742690058479532,481
2014-04-03,0.46017699115044247,0.38011695906432746,481
2014-04-04,0.45857988165680474,0.38372093023255816,481
2014-04-05,0.45857988165680474,0.38596491228070173,480
2014-04-06,0.45722713864306785,0.38953488372093026,482
2014-04-07,0.45722713864306785,0.38953488372093026,482
2014-04-08,0.45722713864306785,0.38596491228070173,481
2014-04-09,0.4588235294117647,0.38596491228070173,482
2014-04-10,0.46130952380952384,0.38823529411764707,478
2014-04-11,0.4626865671641791,0.38823529411764707,477
2014-04-12,0.4594594594594595,0.38461538461538464,475
2014-04-13,0.46107784431137727,0.38461538461538464,476
2014-04-14,0.4608433734939759,0.38461538461538464,474
2014-04-15,0.4608433734939759,0.38461538461538464,474
2014-04-16,0.4622356495468278,0.38461538461538464,474
2014-04-17,0.4608433734939759,0.38235294117647056,476
2014-04-18,0.45454545454545453,0.38235294117647056,474
2014-04-19,0.45592705167173253,0.3869047619047619,471
2014-04-20,0.45896656534954405,0.3869047619047619,471
2014-04-21,0.46060606060606063,0.3869047619047619,472
2014-04-22,0.45896656534954405,0.38461538461538464,472
2014-04-23,0.4573170731707317,0.38461538461538464,471
2014-04-24,0.4603658536585366,0.38461538461538464,471
2014-04-25,0.4573170731707317,0.38323353293413176,470
2014-04-26,0.45896656534954405,0.38323353293413176,471
2014-04-27,0.4634146341463415,0.38323353293413176,470
2014-04-28,0.46504559270516715,0.3855421686746988,470
2014-04-29,0.46504559270516715,0.3855421686746988,470
2014-04-30,0.46200607902735563,0.3878787878787879,469
2014-05-01,0.46200607902735563,0.3878787878787879,469
2014-05-02,0.4636363636363636,0.38414634146341464,469
2014-05-03,0.4622356495468278,0.3855421686746988,472
2014-05-04,0.4622356495468278,0.3855421686746988,472
2014-05-05,0.47005988023952094,0.39156626506024095,475
2014-05-06,0.4716417910447761,0.38922155688622756,477
2014-05-07,0.4716417910447761,0.38181818181818183,475
2014-05-08,0.4732142857142857,0.38650306748466257,474
2014-05-09,0.47181008902077154,0.3902439024390244,476
2014-05-10,0.4746268656716418,0.3902439024390244,474
2014-05-11,0.4744744744744745,0.38181818181818183,473
2014-05-12,0.47289156626506024,0.3855421686746988,473
2014-05-13,0.4743202416918429,0.38181818181818183,471
2014-05-14,0.4759036144578313,0.38181818181818183,472
2014-05-15,0.47560975609756095,0.3795180722891566,469
2014-05-16,0.47575757575757577,0.38323353293413176,472
2014-05-17,0.47904191616766467,0.3772455089820359,476
2014-05-18,0.4774774774774775,0.3772455089820359,475
2014-05-19,0.47904191616766467,0.3772455089820359,476
2014-05-20,0.47904191616766467,0.3795180722891566,475
2014-05-21,0.48338368580060426,0.375,474
2014-05-22,0.48338368580060426,0.3712574850299401,474
2014-05-23,0.48493975903614456,0.36904761904761907,476
2014-05-24,0.48338368580060426,0.36904761904761907,476
2014-05-25,0.4818181818181818,0.3652694610778443,474
2014-05-26,0.4847560975609756,0.36904761904761907,472
2014-05-27,0.48307692307692307,0.36904761904761907,469
2014-05-28,0.4831804281345566,0.36904761904761907,471
2014-05-29,0.48623853211009177,0.36904761904761907,471
2014-05-30,0.4847560975609756,0.3712574850299401,471
2014-05-31,0.4847560975609756,0.3674698795180723,470
2014-06-01,0.48615384615384616,0.3652694610778443,468
2014-06-02,0.4847560975609756,0.3609467455621302,473
2014-06-03,0.4847560975609756,0.35502958579881655,473
2014-06-04,0.4847560975609756,0.35714285714285715,472
2014-06-05,0.48148148148148145,0.3532934131736527,467
2014-06-06,0.4845679012345679,0.35542168674698793,466
2014-06-07,0.4845679012345679,0.35542168674698793,466
2014-06-08,0.48148148148148145,0.35714285714285715,468
2014-06-09,0.47987616099071206,0.35714285714285715,467
2014-06-10,0.47987616099071206,0.35714285714285715,467
2014-06-11,0.47987616099071206,0.3592814371257485,466
2014-06-12,0.484472049689441,0.3592814371257485,465
2014-06-13,0.48286604361370716,0.3592814371257485,464
2014-06-14,0.484375,0.3630952380952381,464
2014-06-15,0.48909657320872274,0.3652694610778443,464
2014-06-16,0.4891640866873065,0.36904761904761907,467
2014-06-17,0.48598130841121495,0.3712574850299401,464
2014-06-18,0.48598130841121495,0.3712574850299401,464
2014-06-19,0.48909657320872274,0.3712574850299401,464
2014-06-20,0.49216300940438873,0.37349397590361444,461
2014-06-21,0.49056603773584906,0.3652694610778443,461
2014-06-22,0.4921135646687697,0.36585365853658536,458
2014-06-23,0.4889589905362776,0.36419753086419754,456
2014-06-24,0.4937106918238994,0.36419753086419754,457
2014-06-25,0.4921135646687697,0.36875,455
2014-06-26,0.4873417721518987,0.37267080745341613,455
2014-06-27,0.4872611464968153,0.375,454
2014-06-28,0.4872611464968153,0.37735849056603776,453
2014-06-29,0.48242811501597443,0.36875,452
2014-06-30,0.48253968253968255,0.36875,454
2014-07-01,0.48881789137380194,0.36875,452
2014-07-02,0.49201277955271566,0.36477987421383645,451
2014-07-03,0.4919614147909968,0.36477987421383645,449
2014-07-04,0.4935483870967742,0.36875,449
2014-07-05,0.4887459807073955,0.37267080745341613,451
2014-07-06,0.4935483870967742,0.37267080745341613,450
2014-07-07,0.4935483870967742,0.37267080745341613,450
2014-07-08,0.4919614147909968,0.37037037037037035,452
2014-07-09,0.4919093851132686,0.37267080745341613,450
2014-07-10,0.4919093851132686,0.375,449
2014-07-11,0.4919093851132686,0.375,449
2014-07-12,0.4919093851132686,0.375,449
2014-07-13,0.495114006514658,0.3710691823899371,446
2014-07-14,0.4935064935064935,0.3710691823899371,447
2014-07-15,0.4967532467532468,0.36477987421383645,447
2014-07-16,0.4934640522875817,0.37267080745341613,447
2014-07-17,0.495114006514658,0.36809815950920244,450
2014-07-18,0.4919093851132686,0.36809815950920244,452
2014-07-19,0.4919093851132686,0.36809815950920244,452
2014-07-20,0.4919093851132686,0.36809815950920244,452
2014-07-21,0.49032258064516127,0.36809815950920244,453
2014-07-22,0.4918032786885246,0.36024844720496896,447
2014-07-23,0.4869281045751634,0.35802469135802467,449
2014-07-24,0.4869281045751634,0.35802469135802467,449
2014-07-25,0.4854368932038835,0.35802469135802467,452
2014-07-26,0.4854368932038835,0.35403726708074534,451
2014-07-27,0.483974358974359,0.35403726708074534,454
2014-07-28,0.4838709677419355,0.35403726708074534,452
2014-07-29,0.48717948717948717,0.35403726708074534,454
2014-07-30,0.4888888888888889,0.35185185185185186,457
2014-07-31,0.4952681388012618,0.35365853658536583,459
2014-08-01,0.5,0.3575757575757576,464
2014-08-02,0.5015576323987538,0.3597560975609756,462
2014-08-03,0.4984423676012461,0.3597560975609756,462
2014-08-04,0.503125,0.3597560975609756,461
2014-08-05,0.503125,0.36363636363636365,462
2014-08-06,0.5015673981191222,0.36363636363636365,461
2014-08-07,0.5015673981191222,0.36363636363636365,461
2014-08-08,0.5077881619937694,0.36363636363636365,463
2014-08-09,0.5077881619937694,0.3592814371257485,465
2014-08-10,0.509375,0.35714285714285715,465
2014-08-11,0.514018691588785,0.3588235294117647,468
2014-08-12,0.514018691588785,0.35502958579881655,467
2014-08-13,0.5109034267912772,0.3473053892215569,465
2014-08-14,0.5109034267912772,0.3473053892215569,465
2014-08-15,0.5109034267912772,0.3473053892215569,465
2014-08-16,0.5125,0.3473053892215569,464
2014-08-17,0.5094339622641509,0.3473053892215569,462
2014-08-18,0.515625,0.3473053892215569,464
2014-08-19,0.5110410094637224,0.3473053892215569,461
2014-08-20,0.5111111111111111,0.3392857142857143,461
2014-08-21,0.5079365079365079,0.33727810650887574,462
2014-08-22,0.5078864353312302,0.3352941176470588,465
2014-08-23,0.5062893081761006,0.33727810650887574,465
2014-08-24,0.5062893081761006,0.33727810650887574,466
2014-08-25,0.5062893081761006,0.3392857142857143,465
2014-08-26,0.5062893081761006,0.3392857142857143,465
2014-08-27,0.5094339622641509,0.3431952662721893,465
2014-08-28,0.5125786163522013,0.3431952662721893,465
2014-08-29,0.5126582278481012,0.34911242603550297,464
2014-08-30,0.5111111111111111,0.34911242603550297,463
2014-08-31,0.503125,0.34705882352941175,468
2014-09-01,0.5015576323987538,0.3508771929824561,469
2014-09-02,0.5015576323987538,0.3488372093023256,470
2014-09-03,0.5015673981191222,0.35260115606936415,469
2014-09-04,0.49843260188087773,0.3546511627906977,468
2014-09-05,0.49843260188087773,0.3546511627906977,468
2014-09-06,0.5062893081761006,0.3588235294117647,465
2014-09-07,0.5062893081761006,0.3588235294117647,465
2014-09-08,0.5047619047619047,0.3630952380952381,460
2014-09-09,0.5015873015873016,0.3652694610778443,459
2014-09-10,0.5,0.3614457831325301,459
2014-09-11,0.49842271293375395,0.3652694610778443,461
2014-09-12,0.49843260188087773,0.3652694610778443,463
2014-09-13,0.5,0.3674698795180723,464
2014-09-14,0.5,0.36363636363636365,463
2014-09-15,0.5015673981191222,0.36363636363636365,462
2014-09-16,0.5,0.36363636363636365,461
2014-09-17,0.49842271293375395,0.36363636363636365,460
2014-09-18,0.49842271293375395,0.3614457831325301,461
2014-09-19,0.49683544303797467,0.3575757575757576,460
2014-09-20,0.49842271293375395,0.35542168674698793,462
2014-09-21,0.49842271293375395,0.3614457831325301,462
2014-09-22,0.49842271293375395,0.3592814371257485,463
2014-09-23,0.49842271293375395,0.3592814371257485,463
2014-09-24,0.5,0.3575757575757576,462
2014-09-25,0.5015673981191222,0.35542168674698793,464
2014-09-26,0.5015673981191222,0.3575757575757576,463
2014-09-27,0.5015673981191222,0.3575757575757576,463
2014-09-28,0.5031446540880503,0.35542168674698793,463
2014-09-29,0.5031446540880503,0.35542168674698793,463
2014-09-30,0.5062893081761006,0.3614457831325301,462
2014-10-01,0.5047021943573667,0.3592814371257485,463
2014-10-02,0.5047021943573667,0.3592814371257485,463
2014-10-03,0.5047021943573667,0.3592814371257485,463
2014-10-04,0.5078369905956113,0.3630952380952381,463
2014-10-05,0.5062893081761006,0.3668639053254438,463
2014-10-06,0.5031446540880503,0.3668639053254438,463
2014-10-07,0.503125,0.3684210526315789,467
2014-10-08,0.5047021943573667,0.3684210526315789,466
2014-10-09,0.503125,0.3684210526315789,467
2014-10-10,0.5015576323987538,0.3699421965317919,470
2014-10-11,0.5046728971962616,0.37209302325581395,469
2014-10-12,0.5046439628482973,0.37209302325581395,471
2014-10-13,0.5062111801242236,0.37209302325581395,470
2014-10-14,0.5030864197530864,0.3764705882352941,470
2014-10-15,0.5046153846153846,0.378698224852071,470
2014-10-16,0.5015384615384615,0.378698224852071,470
2014-10-17,0.49846153846153846,0.375,469
2014-10-18,0.49846153846153846,0.3772455089820359,468
2014-10-19,0.49846153846153846,0.3795180722891566,467
2014-10-20,0.5,0.38181818181818183,467
2014-10-21,0.5,0.38181818181818183,467
2014-10-22,0.5015290519877675,0.37575757575757573,468
2014-10-23,0.5015197568389058,0.37349397590361444,471
2014-10-24,0.5015197568389058,0.37575757575757573,470
2014-10-25,0.5015105740181269,0.3696969696969697,472
2014-10-26,0.5015015015015015,0.3719512195121951,473
2014-10-27,0.5015015015015015,0.3719512195121951,473
2014-10-28,0.5015015015015015,0.3719512195121951,473
2014-10-29,0.5029940119760479,0.3719512195121951,474
2014-10-30,0.5044776119402985,0.37423312883435583,474
2014-10-31,0.5029940119760479,0.37423312883435583,473
2014-11-01,0.5029940119760479,0.3719512195121951,474
2014-11-02,0.5,0.3696969696969697,473
2014-11-03,0.5,0.37349397590361444,474
2014-11-04,0.5,0.37349397590361444,476
2014-11-05,0.5029761904761905,0.37575757575757573,477
2014-11-06,0.5,0.3780487804878049,476
2014-11-07,0.5029761904761905,0.37037037037037035,474
2014-11-08,0.49852507374631266,0.37037037037037035,477
2014-11-09,0.5014836795252225,0.37267080745341613,475
2014-11-10,0.5014836795252225,0.37423312883435583,477
2014-11-11,0.5014836795252225,0.37423312883435583,477
2014-11-12,0.4970588235294118,0.3765432098765432,479
2014-11-13,0.49852507374631266,0.37888198757763975,477
2014-11-14,0.49560117302052786,0.375,478
2014-11-15,0.49853372434017595,0.37735849056603776,478
2014-11-16,0.5,0.3821656050955414,476
2014-11-17,0.49853372434017595,0.3782051282051282,476
2014-11-18,0.49853372434017595,0.3782051282051282,476
2014-11-19,0.49853372434017595,0.3782051282051282,476
2014-11-20,0.5,0.3821656050955414,478
2014-11-21,0.501466275659824,0.3821656050955414,477
2014-11-22,0.5014577259475219,0.3821656050955414,479
2014-11-23,0.5014577259475219,0.38461538461538464,478
2014-11-24,0.5043731778425656,0.38461538461538464,478
2014-11-25,0.5014577259475219,0.3821656050955414,479
2014-11-26,0.49855907780979825,0.3782051282051282,482
2014-11-27,0.49712643678160917,0.3782051282051282,483
2014-11-28,0.49712643678160917,0.3782051282051282,483
2014-11-29,0.498567335243553,0.3782051282051282,484
2014-11-30,0.498567335243553,0.3782051282051282,484
2014-12-01,0.49291784702549574,0.3860759493670886,490
2014-12-02,0.4971590909090909,0.3836477987421384,490
2014-12-03,0.4971590909090909,0.3836477987421384,490
2014-12-04,0.49714285714285716,0.3860759493670886,487
2014-12-05,0.49714285714285716,0.3885350318471338,486
2014-12-06,0.49570200573065903,0.3885350318471338,485
2014-12-07,0.4942528735632184,0.3924050632911392,485
2014-12-08,0.49279538904899134,0.3924050632911392,484
2014-12-09,0.4899713467048711,0.39622641509433965,487
2014-12-10,0.4871060171919771,0.39622641509433965,487
2014-12-11,0.4843304843304843,0.3987341772151899,488
2014-12-12,0.4857142857142857,0.4012738853503185,486
2014-12-13,0.48295454545454547,0.40384615384615385,487
2014-12-14,0.48579545454545453,0.40764331210191085,488
2014-12-15,0.48579545454545453,0.41025641025641024,487
2014-12-16,0.4830508474576271,0.41025641025641024,489
2014-12-17,0.48441926345609065,0.41025641025641024,488
2014-12-18,0.48717948717948717,0.41025641025641024,486
2014-12-19,0.48717948717948717,0.4064516129032258,485
2014-12-20,0.48863636363636365,0.4,486
2014-12-21,0.48424068767908307,0.3961038961038961,483
2014-12-22,0.4827586206896552,0.3961038961038961,483
2014-12-23,0.48703170028818443,0.39869281045751637,481
2014-12-24,0.48703170028818443,0.39869281045751637,481
2014-12-25,0.48703170028818443,0.39869281045751637,481
2014-12-26,0.48695652173913045,0.39869281045751637,479
2014-12-27,0.48703170028818443,0.39869281045751637,481
2014-12-28,0.4885057471264368,0.4025974025974026,483
2014-12-29,0.48554913294797686,0.40522875816993464,480
2014-12-30,0.48265895953757226,0.4090909090909091,481
2014-12-31,0.48405797101449277,0.4090909090909091,480
2015-01-01,0.48695652173913045,0.40522875816993464,479
2015-01-02,0.48695652173913045,0.4105960264900662,477
2015-01-03,0.48695652173913045,0.4117647058823529,479
2015-01-04,0.48695652173913045,0.4129032258064516,481
2015-01-05,0.4897959183673469,0.4129032258064516,479
2015-01-06,0.49127906976744184,0.4117647058823529,478
2015-01-07,0.4913294797687861,0.4117647058823529,480
2015-01-08,0.4884393063583815,0.4144736842105263,479
2015-01-09,0.48703170028818443,0.4144736842105263,481
2015-01-10,0.48703170028818443,0.41721854304635764,480
2015-01-11,0.48703170028818443,0.42,479
2015-01-12,0.4884393063583815,0.42953020134228187,476
2015-01-13,0.4884393063583815,0.42953020134228187,476
2015-01-14,0.4913294797687861,0.42953020134228187,476
2015-01-15,0.4913294797687861,0.42953020134228187,476
2015-01-16,0.4885057471264368,0.42953020134228187,478
2015-01-17,0.48717948717948717,0.42953020134228187,481
2015-01-18,0.4857142857142857,0.4266666666666667,481
2015-01-19,0.4813753581661891,0.4266666666666667,480
2015-01-20,0.47988505747126436,0.4266666666666667,479
2015-01-21,0.4812680115273775,0.4266666666666667,478
2015-01-22,0.4812680115273775,0.4266666666666667,478
2015-01-23,0.484149855907781,0.4266666666666667,478
2015-01-24,0.484149855907781,0.4304635761589404,479
2015-01-25,0.484149855907781,0.43333333333333335,478
2015-01-26,0.4827586206896552,0.4304635761589404,480
2015-01-27,0.48424068767908307,0.43333333333333335,480
2015-01-28,0.48424068767908307,0.43333333333333335,481
2015-01-29,0.4828571428571429,0.43790849673202614,484
2015-01-30,0.4813753581661891,0.4370860927152318,481
2015-01-31,0.4827586206896552,0.4342105263157895,481
2015-02-01,0.4813753581661891,0.43506493506493504,483
2015-02-02,0.4828571428571429,0.43506493506493504,484
2015-02-03,0.48424068767908307,0.43506493506493504,483
2015-02-04,0.48424068767908307,0.43506493506493504,483
2015-02-05,0.4827586206896552,0.43137254901960786,481
2015-02-06,0.4827586206896552,0.43137254901960786,481
2015-02-07,0.48265895953757226,0.43137254901960786,479
2015-02-08,0.48405797101449277,0.43137254901960786,478
2015-02-09,0.48554913294797686,0.43137254901960786,479
2015-02-10,0.48554913294797686,0.4342105263157895,478
2015-02-11,0.48554913294797686,0.4304635761589404,477
2015-02-12,0.4828571428571429,0.43137254901960786,482
2015-02-13,0.4828571428571429,0.43137254901960786,482
2015-02-14,0.4828571428571429,0.42857142857142855,483
2015-02-15,0.4828571428571429,0.42857142857142855,483
2015-02-16,0.48148148148148145,0.42857142857142855,484
2015-02-17,0.48148148148148145,0.42857142857142855,484
2015-02-18,0.48148148148148145,0.42857142857142855,484
2015-02-19,0.48011363636363635,0.42857142857142855,485
2015-02-20,0.48295454545454547,0.42857142857142855,485
2015-02-21,0.48295454545454547,0.42857142857142855,485
2015-02-22,0.48295454545454547,0.432258064516129,486
2015-02-23,0.4843304843304843,0.43506493506493504,484
2015-02-24,0.4843304843304843,0.43506493506493504,484
2015-02-25,0.48295454545454547,0.43506493506493504,484
2015-02-26,0.4843304843304843,0.43506493506493504,483
2015-02-27,0.4843304843304843,0.43506493506493504,483
2015-02-28,0.48295454545454547,0.432258064516129,484
2015-03-01,0.48148148148148145,0.432258064516129,483
2015-03-02,0.48,0.4267515923566879,484
2015-03-03,0.48148148148148145,0.43037974683544306,486
2015-03-04,0.48148148148148145,0.43037974683544306,486
2015-03-05,0.48148148148148145,0.43037974683544306,486
2015-03-06,0.47875354107648727,0.43037974683544306,488
2015-03-07,0.476056338028169,0.43312101910828027,489
2015-03-08,0.4747191011235955,0.43312101910828027,490
2015-03-09,0.47752808988764045,0.43312101910828027,490
2015-03-10,0.476056338028169,0.43312101910828027,489
2015-03-11,0.4789915966386555,0.43312101910828027,491
2015-03-12,0.47619047619047616,0.43037974683544306,492
2015-03-13,0.4735376044568245,0.43037974683544306,494
2015-03-14,0.4733893557422969,0.4267515923566879,491
2015-03-15,0.4692737430167598,0.4267515923566879,492
2015-03-16,0.4692737430167598,0.4267515923566879,492
2015-03-17,0.4735376044568245,0.4240506329113924,494
2015-03-18,0.4735376044568245,0.4240506329113924,494
2015-03-19,0.4735376044568245,0.4240506329113924,494
2015-03-20,0.475,0.4240506329113924,495
2015-03-21,0.47368421052631576,0.4240506329113924,496
2015-03-22,0.47368421052631576,0.4240506329113924,496
2015-03-23,0.4723756906077348,0.41875,498
2015-03-24,0.4723756906077348,0.422360248447205,499
2015-03-25,0.4709141274238227,0.41875,498
2015-03-26,0.4709141274238227,0.4161490683229814,499
2015-03-27,0.46814404432132967,0.4161490683229814,499
2015-03-28,0.4723756906077348,0.41975308641975306,500
2015-03-29,0.4723756906077348,0.41975308641975306,500
2015-03-30,0.47107438016528924,0.4146341463414634,503
2015-03-31,0.4763231197771588,0.4171779141104294,499
2015-04-01,0.4776536312849162,0.4171779141104294,498
2015-04-02,0.47368421052631576,0.4171779141104294,501
2015-04-03,0.4723756906077348,0.41358024691358025,501
2015-04-04,0.4723756906077348,0.4110429447852761,502
2015-04-05,0.4696132596685083,0.4110429447852761,502
2015-04-06,0.4709141274238227,0.4074074074074074,500
2015-04-07,0.4696132596685083,0.4049079754601227,502
2015-04-08,0.46831955922865015,0.4024390243902439,503
2015-04-09,0.46685082872928174,0.4024390243902439,502
2015-04-10,0.46537396121883656,0.4024390243902439,501
2015-04-11,0.46537396121883656,0.4024390243902439,501
2015-04-12,0.46537396121883656,0.4024390243902439,501
2015-04-13,0.46518105849582175,0.4,499
2015-04-14,0.4664804469273743,0.4,498
2015-04-15,0.46518105849582175,0.4,499
2015-04-16,0.46518105849582175,0.4024390243902439,498
2015-04-17,0.4666666666666667,0.4,500
2015-04-18,0.46944444444444444,0.39634146341463417,499
2015-04-19,0.467966573816156,0.39634146341463417,498
2015-04-20,0.46518105849582175,0.39634146341463417,498
2015-04-21,0.4623955431754875,0.3939393939393939,499
2015-04-22,0.4638888888888889,0.39634146341463417,499
2015-04-23,0.4626038781163435,0.4,501
2015-04-24,0.4598337950138504,0.4036144578313253,502
2015-04-25,0.4598337950138504,0.40119760479041916,503
2015-04-26,0.4558011049723757,0.40476190476190477,505
2015-04-27,0.45429362880886426,0.40476190476190477,504
2015-04-28,0.4465753424657534,0.40236686390532544,509
2015-04-29,0.444141689373297,0.3953488372093023,514
2015-04-30,0.4444444444444444,0.3930635838150289,516
2015-05-01,0.44324324324324327,0.39080459770114945,518
2015-05-02,0.44054054054054054,0.38857142857142857,519
2015-05-03,0.44054054054054054,0.39080459770114945,518
2015-05-04,0.4385026737967914,0.38857142857142857,523
2015-05-05,0.43010752688172044,0.3850574712643678,521
2015-05-06,0.42857142857142855,0.3850574712643678,520
2015-05-07,0.4270557029177719,0.3806818181818182,527
2015-05-08,0.425531914893617,0.3806818181818182,526
2015-05-09,0.4244031830238727,0.37714285714285717,526
2015-05-10,0.4214659685863874,0.3743016759776536,535
2015-05-11,0.41968911917098445,0.37640449438202245,538
2015-05-12,0.4160206718346253,0.3728813559322034,538
2015-05-13,0.41645244215938304,0.3728813559322034,540
2015-05-14,0.41494845360824745,0.3743016759776536,541
2015-05-15,0.4143222506393862,0.37222222222222223,545
2015-05-16,0.413265306122449,0.3687150837988827,545
2015-05-17,0.4082687338501292,0.36666666666666664,541
2015-05-18,0.40512820512820513,0.36666666666666664,544
2015-05-19,0.4,0.36666666666666664,549
2015-05-20,0.39900249376558605,0.37158469945355194,556
2015-05-21,0.395,0.37362637362637363,553
2015-05-22,0.3925,0.37158469945355194,553
2015-05-23,0.3865336658354115,0.372972972972973,556
2015-05-24,0.3851851851851852,0.3675675675675676,560
2015-05-25,0.3829268292682927,0.36363636363636365,565
2015-05-26,0.3795620437956204,0.36363636363636365,567
2015-05-27,0.3801452784503632,0.36363636363636365,569
2015-05-28,0.3795620437956204,0.3617021276595745,568
2015-05-29,0.3762135922330097,0.3684210526315789,571
2015-05-30,0.37349397590361444,0.3684210526315789,574
2015-05-31,0.3708133971291866,0.36649214659685864,577
2015-06-01,0.36992840095465396,0.3684210526315789,577
2015-06-02,0.3684210526315789,0.3697916666666667,577
2015-06-03,0.36992840095465396,0.3717277486910995,577
2015-06-04,0.36992840095465396,0.3717277486910995,577
2015-06-05,0.36992840095465396,0.3717277486910995,577
2015-06-06,0.3681710213776722,0.3717277486910995,579
2015-06-07,0.36556603773584906,0.37305699481865284,584
2015-06-08,0.3632075471698113,0.36597938144329895,584
2015-06-09,0.36384976525821594,0.36597938144329895,586
2015-06-10,0.3621495327102804,0.36597938144329895,588
2015-06-11,0.3621495327102804,0.3641025641025641,589
2015-06-12,0.3627906976744186,0.36548223350253806,593
2015-06-13,0.3627906976744186,0.36548223350253806,593
2015-06-14,0.3640552995391705,0.3604060913705584,597
2015-06-15,0.36342592592592593,0.35858585858585856,596
2015-06-16,0.3619489559164733,0.35353535353535354,594
2015-06-17,0.36155606407322655,0.35353535353535354,600
2015-06-18,0.3607305936073059,0.35353535353535354,601
2015-06-19,0.35990888382687924,0.35353535353535354,602
2015-06-20,0.35909090909090907,0.35353535353535354,603
2015-06-21,0.3597285067873303,0.3604060913705584,604
2015-06-22,0.36036036036036034,0.3604060913705584,606
2015-06-23,0.36036036036036034,0.35858585858585856,607
2015-06-24,0.3574660633484163,0.35858585858585856,605
2015-06-25,0.35909090909090907,0.35678391959798994,604
2015-06-26,0.35909090909090907,0.35353535353535354,603
2015-06-27,0.35909090909090907,0.3484848484848485,603
2015-06-28,0.35730337078651686,0.34673366834170855,609
2015-06-29,0.35634743875278396,0.3484848484848485,613
2015-06-30,0.3511111111111111,0.3484848484848485,614
2015-07-01,0.3458980044345898,0.3484848484848485,615
2015-07-02,0.34505494505494505,0.35175879396984927,620
2015-07-03,0.3442982456140351,0.355,622
2015-07-04,0.34497816593886466,0.35175879396984927,623
2015-07-05,0.34573304157549234,0.34517766497461927,620
2015-07-06,0.3435448577680525,0.34673366834170855,622
2015-07-07,0.34497816593886466,0.3482587064676617,624
2015-07-08,0.34497816593886466,0.3482587064676617,624
2015-07-09,0.34782608695652173,0.3482587064676617,626
2015-07-10,0.3484848484848485,0.3448275862068966,629
2015-07-11,0.35053763440860214,0.3446601941747573,635
2015-07-12,0.346072186836518,0.3380952380952381,644
2015-07-13,0.34460887949260044,0.33962264150943394,648
2015-07-14,0.346723044397463,0.33962264150943394,648
2015-07-15,0.34591194968553457,0.3364485981308411,653
2015-07-16,0.3472803347280335,0.32701421800947866,651
2015-07-17,0.34518828451882844,0.33014354066985646,649
2015-07-18,0.3472803347280335,0.33014354066985646,649
2015-07-19,0.3465553235908142,0.3333333333333333,651
2015-07-20,0.34439834024896265,0.3333333333333333,654
2015-07-21,0.34647302904564314,0.330188679245283,656
2015-07-22,0.34782608695652173,0.3286384976525822,658
2015-07-23,0.34854771784232363,0.3286384976525822,657
2015-07-24,0.34575569358178054,0.3286384976525822,658
2015-07-25,0.34575569358178054,0.32710280373831774,659
2015-07-26,0.3477366255144033,0.3302325581395349,664
2015-07-27,0.34845360824742266,0.3333333333333333,664
2015-07-28,0.34917355371900827,0.3302752293577982,665
2015-07-29,0.3436213991769547,0.32727272727272727,668
2015-07-30,0.34368530020703936,0.33181818181818185,666
2015-07-31,0.33958333333333335,0.32727272727272727,665
2015-08-01,0.33403361344537813,0.3242009132420091,661
2015-08-02,0.33263598326359833,0.3212669683257919,665
2015-08-03,0.33263598326359833,0.32272727272727275,664
2015-08-04,0.3312368972746331,0.32272727272727275,663
2015-08-05,0.3312368972746331,0.319634703196347,662
2015-08-06,0.3312368972746331,0.3167420814479638,664
2015-08-07,0.3305613305613306,0.31981981981981983,669
2015-08-08,0.325,0.31981981981981983,668
2015-08-09,0.32224532224532226,0.32286995515695066,670
2015-08-10,0.32238193018480493,0.32589285714285715,676
2015-08-11,0.3202479338842975,0.32432432432432434,671
2015-08-12,0.3202479338842975,0.32286995515695066,672
2015-08-13,0.32091097308488614,0.32142857142857145,672
2015-08-14,0.31958762886597936,0.32,675
2015-08-15,0.31958762886597936,0.32,675
2015-08-16,0.31893004115226337,0.3230088495575221,677
2015-08-17,0.319672131147541,0.32158590308370044,680
2015-08-18,0.3148148148148148,0.32751091703056767,680
2015-08-19,0.3135245901639344,0.3246753246753247,684
2015-08-20,0.3122448979591837,0.3333333333333333,686
2015-08-21,0.3128834355828221,0.3347826086956522,684
2015-08-22,0.31211498973305957,0.3347826086956522,682
2015-08-23,0.311340206185567,0.3347826086956522,680
2015-08-24,0.3119834710743802,0.33624454148471616,678
2015-08-25,0.311340206185567,0.33624454148471616,679
2015-08-26,0.31275720164609055,0.33766233766233766,681
2015-08-27,0.31069958847736623,0.33189655172413796,682
2015-08-28,0.3114754098360656,0.33047210300429186,685
2015-08-29,0.3142857142857143,0.3275862068965517,686
2015-08-30,0.3130081300813008,0.3261802575107296,689
2015-08-31,0.3183673469387755,0.3275862068965517,687
2015-09-01,0.31771894093686354,0.3232758620689655,688
2015-09-02,0.3170731707317073,0.3246753246753247,688
2015-09-03,0.31643002028397565,0.3246753246753247,689
2015-09-04,0.31643002028397565,0.3246753246753247,689
2015-09-05,0.31717171717171716,0.3246753246753247,691
2015-09-06,0.3111111111111111,0.3217391304347826,691
2015-09-07,0.31048387096774194,0.3203463203463203,693
2015-09-08,0.31048387096774194,0.3203463203463203,693
2015-09-09,0.3111111111111111,0.3203463203463203,692
2015-09-10,0.3097165991902834,0.3203463203463203,691
2015-09-11,0.31048387096774194,0.3133047210300429,694
2015-09-12,0.3072289156626506,0.31196581196581197,697
2015-09-13,0.3058350100603622,0.31063829787234043,696
2015-09-14,0.3064516129032258,0.3093220338983051,696
2015-09-15,0.3058350100603622,0.3067226890756303,699
2015-09-16,0.304,0.3054393305439331,703
2015-09-17,0.30278884462151395,0.3054393305439331,705
2015-09-18,0.30218687872763417,0.3037974683544304,704
2015-09-19,0.30218687872763417,0.301255230125523,706
2015-09-20,0.30158730158730157,0.3025210084033613,706
2015-09-21,0.30177514792899407,0.3025210084033613,709
2015-09-22,0.30196078431372547,0.3025210084033613,711
2015-09-23,0.302734375,0.3054393305439331,714
2015-09-24,0.30078125,0.30416666666666664,715
2015-09-25,0.3,0.3054393305439331,712
2015-09-26,0.29862475442043224,0.3054393305439331,711
2015-09-27,0.2974559686888454,0.3054393305439331,713
2015-09-28,0.2962962962962963,0.3054393305439331,715
2015-09-29,0.296875,0.30833333333333335,715
2015-09-30,0.294921875,0.3070539419087137,717
2015-10-01,0.294921875,0.30833333333333335,717
2015-10-02,0.29377431906614787,0.30864197530864196,721
2015-10-03,0.29377431906614787,0.30612244897959184,723
2015-10-04,0.29320388349514565,0.3020408163265306,725
2015-10-05,0.29377431906614787,0.3020408163265306,724
2015-10-06,0.29377431906614787,0.3020408163265306,724
2015-10-07,0.29296875,0.3020408163265306,722
2015-10-08,0.29239766081871343,0.3008130081300813,724
2015-10-09,0.29354207436399216,0.3008130081300813,722
2015-10-10,0.29354207436399216,0.29918032786885246,720
2015-10-11,0.291015625,0.2979591836734694,721
2015-10-12,0.2890625,0.29959514170040485,723
2015-10-13,0.2890625,0.3024193548387097,724
2015-10-14,0.2896281800391389,0.3024193548387097,723
2015-10-15,0.2876712328767123,0.304,724
2015-10-16,0.28823529411764703,0.30158730158730157,725
2015-10-17,0.28823529411764703,0.30039525691699603,726
2015-10-18,0.2876712328767123,0.30039525691699603,727
2015-10-19,0.2884990253411306,0.30039525691699603,729
2015-10-20,0.28932038834951457,0.2992125984251969,732
2015-10-21,0.28875968992248063,0.2980392156862745,734
2015-10-22,0.28709055876685935,0.296875,737
2015-10-23,0.2865384615384615,0.2980392156862745,737
2015-10-24,0.28790786948176583,0.296875,739
2015-10-25,0.2857142857142857,0.29457364341085274,738
2015-10-26,0.28488372093023256,0.29343629343629346,737
2015-10-27,0.28294573643410853,0.2923076923076923,738
2015-10-28,0.28294573643410853,0.2923076923076923,738
2015-10-29,0.2815533980582524,0.28957528957528955,736
2015-10-30,0.2796116504854369,0.2923076923076923,737
2015-10-31,0.27906976744186046,0.29343629343629346,737
2015-11-01,0.2799227799227799,0.29457364341085274,738
2015-11-02,0.27884615384615385,0.29571984435797666,739
2015-11-03,0.2777777777777778,0.29069767441860467,742
2015-11-04,0.2777777777777778,0.29615384615384616,744
2015-11-05,0.27586206896551724,0.29343629343629346,743
2015-11-06,0.2780952380952381,0.29343629343629346,746
2015-11-07,0.2767175572519084,0.2923076923076923,746
2015-11-08,0.27692307692307694,0.2965779467680608,745
2015-11-09,0.2783109404990403,0.30038022813688214,746
2015-11-10,0.2783109404990403,0.2988505747126437,744
2015-11-11,0.2824427480916031,0.2988505747126437,747
2015-11-12,0.2826923076923077,0.3015267175572519,744
2015-11-13,0.2821497120921305,0.3015267175572519,745
2015-11-14,0.28160919540229884,0.29699248120300753,750
2015-11-15,0.27893738140417457,0.2958801498127341,755
2015-11-16,0.2784090909090909,0.29259259259259257,759
2015-11-17,0.2784090909090909,0.29259259259259257,759
2015-11-18,0.277882797731569,0.2915129151291513,761
2015-11-19,0.277882797731569,0.2915129151291513,761
2015-11-20,0.27599243856332706,0.2878228782287823,760
2015-11-21,0.275797373358349,0.2867647058823529,764
2015-11-22,0.27631578947368424,0.2867647058823529,763
2015-11-23,0.275797373358349,0.2867647058823529,764
2015-11-24,0.2766355140186916,0.2867647058823529,766
2015-11-25,0.27850467289719627,0.2878228782287823,765
2015-11-26,0.2781954887218045,0.2878228782287823,762
2015-11-27,0.2787193973634652,0.2878228782287823,761
2015-11-28,0.2787193973634652,0.2867647058823529,762
2015-11-29,0.2781954887218045,0.2857142857142857,764
2015-11-30,0.2781954887218045,0.2857142857142857,764
2015-12-01,0.27893738140417457,0.28308823529411764,758
2015-12-02,0.27703984819734345,0.28102189781021897,760
2015-12-03,0.27893738140417457,0.28,761
2015-12-04,0.27977315689981097,0.2779783393501805,765
2015-12-05,0.27977315689981097,0.2779783393501805,765
2015-12-06,0.2792452830188679,0.275,769
2015-12-07,0.2787193973634652,0.2724014336917563,769
2015-12-08,0.2781954887218045,0.2724014336917563,770
2015-12-09,0.2800751879699248,0.26881720430107525,770
2015-12-10,0.28142589118198874,0.26881720430107525,771
2015-12-11,0.28277153558052437,0.26785714285714285,772
2015-12-12,0.28277153558052437,0.26785714285714285,772
2015-12-13,0.2851782363977486,0.2669039145907473,772
2015-12-14,0.28383458646616544,0.2642857142857143,770
2015-12-15,0.28383458646616544,0.2642857142857143,770
2015-12-16,0.2857142857142857,0.26785714285714285,770
2015-12-17,0.28383458646616544,0.26785714285714285,770
2015-12-18,0.28330206378986866,0.2669039145907473,772
2015-12-19,0.28066914498141265,0.2669039145907473,777
2015-12-20,0.2833333333333333,0.2669039145907473,779
2015-12-21,0.2828096118299446,0.2669039145907473,780
2015-12-22,0.2828096118299446,0.26785714285714285,779
2015-12-23,0.2814814814814815,0.2669039145907473,779
2015-12-24,0.2820037105751391,0.2669039145907473,778
2015-12-25,0.2814814814814815,0.2669039145907473,779
2015-12-26,0.2814814814814815,0.26595744680851063,780
2015-12-27,0.2809611829944547,0.26501766784452296,782
2015-12-28,0.28014842300556586,0.2676056338028169,781
2015-12-29,0.28014842300556586,0.26666666666666666,782
2015-12-30,0.28044280442804426,0.2631578947368421,785
2015-12-31,0.28044280442804426,0.2631578947368421,785
2016-01-01,0.27808471454880296,0.2631578947368421,786
2016-01-02,0.2775735294117647,0.2631578947368421,787
2016-01-03,0.27624309392265195,0.2624113475177305,783
2016-01-04,0.27624309392265195,0.26071428571428573,781
2016-01-05,0.27624309392265195,0.26071428571428573,781
2016-01-06,0.27490774907749077,0.26071428571428573,780
2016-01-07,0.27522935779816515,0.2579505300353357,785
2016-01-08,0.2765567765567766,0.2579505300353357,786
2016-01-09,0.27787934186471663,0.2553191489361702,786
2016-01-10,0.2768670309653916,0.2526690391459075,787
2016-01-11,0.2768670309653916,0.2526690391459075,787
2016-01-12,0.2768670309653916,0.2526690391459075,787
2016-01-13,0.2750455373406193,0.2526690391459075,787
2016-01-14,0.2727272727272727,0.2526690391459075,788
2016-01-15,0.27223230490018147,0.25177304964539005,790
2016-01-16,0.2727272727272727,0.25177304964539005,789
2016-01-17,0.27007299270072993,0.2526690391459075,786
2016-01-18,0.27090909090909093,0.2526690391459075,788
2016-01-19,0.27090909090909093,0.254416961130742,790
2016-01-20,0.27140255009107467,0.254416961130742,789
2016-01-21,0.27090909090909093,0.254416961130742,790
2016-01-22,0.27090909090909093,0.254416961130742,790
2016-01-23,0.26824817518248173,0.254416961130742,788
2016-01-24,0.26824817518248173,0.25177304964539005,787
2016-01-25,0.26958105646630237,0.25177304964539005,788
2016-01-26,0.26958105646630237,0.2526690391459075,787
2016-01-27,0.26691042047531993,0.2526690391459075,785
2016-01-28,0.26556776556776557,0.25,783
2016-01-29,0.26605504587155965,0.2446043165467626,781
2016-01-30,0.2665441176470588,0.24548736462093862,779
2016-01-31,0.2647058823529412,0.2463768115942029,778
2016-02-01,0.26605504587155965,0.24452554744525548,778
2016-02-02,0.2647058823529412,0.24452554744525548,777
2016-02-03,0.26422018348623855,0.24363636363636362,779
2016-02-04,0.263254113345521,0.2427536231884058,781
2016-02-05,0.263254113345521,0.24100719424460432,783
2016-02-06,0.263254113345521,0.24100719424460432,783
2016-02-07,0.26277372262773724,0.24100719424460432,784
2016-02-08,0.2641165755919854,0.24014336917562723,786
2016-02-09,0.26229508196721313,0.24014336917562723,786
2016-02-10,0.2636363636363636,0.24199288256227758,788
2016-02-11,0.2636363636363636,0.24199288256227758,788
2016-02-12,0.26373626373626374,0.24285714285714285,784
2016-02-13,0.26373626373626374,0.24285714285714285,784
2016-02-14,0.26508226691042047,0.24372759856630824,784
2016-02-15,0.2664233576642336,0.24285714285714285,786
2016-02-16,0.2664233576642336,0.24285714285714285,786
2016-02-17,0.2659380692167577,0.24199288256227758,788
2016-02-18,0.26545454545454544,0.24113475177304963,790
2016-02-19,0.266304347826087,0.24381625441696114,792
2016-02-20,0.26497277676951,0.24647887323943662,792
2016-02-21,0.26497277676951,0.24561403508771928,793
2016-02-22,0.26714801444043323,0.24295774647887325,795
2016-02-23,0.26714801444043323,0.24210526315789474,796
2016-02-24,0.26714801444043323,0.23943661971830985,795
2016-02-25,0.2697841726618705,0.24295774647887325,797
2016-02-26,0.2697841726618705,0.24210526315789474,798
2016-02-27,0.2701252236135957,0.24210526315789474,801
2016-02-28,0.2701252236135957,0.24295774647887325,801
2016-02-29,0.2701252236135957,0.24125874125874125,803
2016-03-01,0.26964285714285713,0.24295774647887325,802
2016-03-02,0.26833631484794274,0.24028268551236748,800
2016-03-03,0.26833631484794274,0.24295774647887325,801
2016-03-04,0.26785714285714285,0.24295774647887325,802
2016-03-05,0.26785714285714285,0.24295774647887325,802
2016-03-06,0.26833631484794274,0.24210526315789474,802
2016-03-07,0.2709447415329768,0.24210526315789474,804
2016-03-08,0.2722419928825623,0.24210526315789474,805
2016-03-09,0.2722419928825623,0.24210526315789474,805
2016-03-10,0.26916221033868093,0.24125874125874125,804
2016-03-11,0.2704626334519573,0.24210526315789474,804
2016-03-12,0.2709447415329768,0.24125874125874125,804
2016-03-13,0.2722419928825623,0.24041811846689895,806
2016-03-14,0.2732142857142857,0.24041811846689895,804
2016-03-15,0.2714285714285714,0.24305555555555555,805
2016-03-16,0.26916221033868093,0.24305555555555555,805
2016-03-17,0.2699822380106572,0.2422145328719723,807
2016-03-18,0.2695035460992908,0.2413793103448276,809
2016-03-19,0.2667844522968198,0.24054982817869416,811
2016-03-20,0.26807760141093473,0.23972602739726026,813
2016-03-21,0.26807760141093473,0.23972602739726026,813
2016-03-22,0.26855123674911663,0.23972602739726026,813
2016-03-23,0.26902654867256637,0.23711340206185566,811
2016-03-24,0.26855123674911663,0.2363013698630137,812
2016-03-25,0.27065026362038663,0.23711340206185566,814
2016-03-26,0.27240773286467485,0.23711340206185566,814
2016-03-27,0.26936619718309857,0.23367697594501718,814
2016-03-28,0.27017543859649124,0.23367697594501718,816
2016-03-29,0.26970227670753066,0.23448275862068965,816
2016-03-30,0.2692307692307692,0.23367697594501718,818
2016-03-31,0.2700348432055749,0.2328767123287671,821
2016-04-01,0.2714535901926445,0.2328767123287671,818
2016-04-02,0.2714535901926445,0.2328767123287671,818
2016-04-03,0.270979020979021,0.23024054982817868,818
2016-04-04,0.2714535901926445,0.23024054982817868,817
2016-04-05,0.270979020979021,0.23024054982817868,818
2016-04-06,0.2727272727272727,0.23024054982817868,818
2016-04-07,0.2727272727272727,0.23367697594501718,819
2016-04-08,0.2727272727272727,0.23208191126279865,821
2016-04-09,0.27304347826086955,0.23208191126279865,824
2016-04-10,0.27162629757785467,0.23208191126279865,827
2016-04-11,0.2711571675302245,0.23389830508474577,829
2016-04-12,0.2711571675302245,0.23310810810810811,831
2016-04-13,0.2711571675302245,0.23310810810810811,831
2016-04-14,0.27288428324697755,0.23310810810810811,831
2016-04-15,0.27241379310344827,0.23310810810810811,832
2016-04-16,0.2706896551724138,0.23389830508474577,831
2016-04-17,0.2685025817555938,0.23648648648648649,833
2016-04-18,0.26804123711340205,0.2356902356902357,835
2016-04-19,0.2671232876712329,0.23745819397993312,839
2016-04-20,0.2671232876712329,0.23825503355704697,838
2016-04-21,0.2671232876712329,0.23825503355704697,838
2016-04-22,0.26758147512864494,0.23825503355704697,837
2016-04-23,0.26758147512864494,0.2356902356902357,836
2016-04-24,0.2674616695059625,0.2348993288590604,841
2016-04-25,0.2696245733788396,0.23,842
2016-04-26,0.26949152542372884,0.22772277227722773,848
2016-04-27,0.2717948717948718,0.22772277227722773,843
2016-04-28,0.2722602739726027,0.23102310231023102,842
2016-04-29,0.2719449225473322,0.23178807947019867,839
2016-04-30,0.27288428324697755,0.23255813953488372,836
2016-05-01,0.27288428324697755,0.23333333333333334,835
2016-05-02,0.2719449225473322,0.23,837
2016-05-03,0.27288428324697755,0.23333333333333334,835
2016-05-04,0.2738301559792028,0.23333333333333334,833
2016-05-05,0.2738301559792028,0.23411371237458195,832
2016-05-06,0.27177700348432055,0.2348993288590604,829
2016-05-07,0.2703639514731369,0.23411371237458195,832
2016-05-08,0.2725694444444444,0.23333333333333334,832
2016-05-09,0.2735191637630662,0.23310810810810811,826
2016-05-10,0.2757417102966841,0.23310810810810811,825
2016-05-11,0.2757417102966841,0.23310810810810811,825
2016-05-12,0.27399650959860383,0.23232323232323232,825
2016-05-13,0.27304347826086955,0.2305084745762712,825
2016-05-14,0.2725694444444444,0.23208191126279865,824
2016-05-15,0.2725694444444444,0.23208191126279865,824
2016-05-16,0.2711571675302245,0.23367697594501718,825
2016-05-17,0.27162629757785467,0.2328767123287671,825
2016-05-18,0.2720970537261698,0.2328767123287671,824
2016-05-19,0.27225130890052357,0.22837370242214533,819
2016-05-20,0.2735191637630662,0.22837370242214533,821
2016-05-21,0.2725694444444444,0.2264808362369338,822
2016-05-22,0.27399650959860383,0.22535211267605634,816
2016-05-23,0.2744755244755245,0.22727272727272727,817
2016-05-24,0.2762237762237762,0.22887323943661972,817
2016-05-25,0.2771929824561403,0.22996515679442509,818
2016-05-26,0.2764084507042254,0.22837370242214533,818
2016-05-27,0.2771929824561403,0.22837370242214533,820
2016-05-28,0.276707530647986,0.2222222222222222,820
2016-05-29,0.27816901408450706,0.2222222222222222,817
2016-05-30,0.2804232804232804,0.22377622377622378,815
2016-05-31,0.2821869488536155,0.2229965156794425,816
2016-06-01,0.28091872791519434,0.2226148409893993,812
2016-06-02,0.2786596119929453,0.2226148409893993,813
2016-06-03,0.2786596119929453,0.22456140350877193,815
2016-06-04,0.27768014059753954,0.22377622377622378,818
2016-06-05,0.27816901408450706,0.22377622377622378,817
2016-06-06,0.2786596119929453,0.22105263157894736,815
2016-06-07,0.27943760984182775,0.22340425531914893,815
2016-06-08,0.28021015761821366,0.22535211267605634,819
2016-06-09,0.28169014084507044,0.22377622377622378,818
2016-06-10,0.28021015761821366,0.2229965156794425,822
2016-06-11,0.27845884413309985,0.2229965156794425,821
2016-06-12,0.27797202797202797,0.2229965156794425,822
2016-06-13,0.2754385964912281,0.2264808362369338,820
2016-06-14,0.2741652021089631,0.2264808362369338,819
2016-06-15,0.2754385964912281,0.22727272727272727,820
2016-06-16,0.274822695035461,0.22727272727272727,814
2016-06-17,0.2753108348134991,0.22727272727272727,813
2016-06-18,0.27353463587921845,0.22727272727272727,813
2016-06-19,0.2730496453900709,0.22727272727272727,814
2016-06-20,0.2743362831858407,0.22456140350877193,814
2016-06-21,0.27208480565371024,0.22377622377622378,816
2016-06-22,0.2711267605633803,0.2229965156794425,818
2016-06-23,0.2714535901926445,0.2222222222222222,822
2016-06-24,0.2705061082024433,0.2222222222222222,824
2016-06-25,0.27225130890052357,0.22491349480968859,825
2016-06-26,0.2735191637630662,0.22413793103448276,827
2016-06-27,0.2732049036777583,0.22491349480968859,823
2016-06-28,0.2719298245614035,0.22413793103448276,822
2016-06-29,0.27336860670194,0.22413793103448276,819
2016-06-30,0.2761061946902655,0.22336769759450173,818
2016-07-01,0.275,0.22336769759450173,813
2016-07-02,0.27450980392156865,0.2206896551724138,813
2016-07-03,0.2732142857142857,0.22336769759450173,813
2016-07-04,0.2732142857142857,0.22413793103448276,812
2016-07-05,0.27450980392156865,0.22413793103448276,812
2016-07-06,0.27353463587921845,0.2206896551724138,815
2016-07-07,0.27353463587921845,0.22145328719723184,814
2016-07-08,0.2709447415329768,0.22145328719723184,812
2016-07-09,0.2709447415329768,0.2229965156794425,811
2016-07-10,0.2701252236135957,0.2229965156794425,808
2016-07-11,0.27617328519855594,0.22807017543859648,802
2016-07-12,0.2766726943942134,0.22535211267605634,799
2016-07-13,0.27355072463768115,0.22456140350877193,799
2016-07-14,0.27140255009107467,0.22535211267605634,795
2016-07-15,0.27007299270072993,0.22535211267605634,794
2016-07-16,0.26958105646630237,0.22727272727272727,797
2016-07-17,0.27007299270072993,0.22727272727272727,796
2016-07-18,0.26958105646630237,0.22377622377622378,797
2016-07-19,0.27090909090909093,0.22145328719723184,801
2016-07-20,0.26992753623188404,0.2229965156794425,801
2016-07-21,0.26811594202898553,0.2229965156794425,800
2016-07-22,0.26811594202898553,0.22377622377622378,799
2016-07-23,0.27041742286751363,0.2229965156794425,799
2016-07-24,0.2694394213381555,0.22569444444444445,802
2016-07-25,0.26763110307414106,0.2222222222222222,802
2016-07-26,0.2672727272727273,0.21875,799
2016-07-27,0.26811594202898553,0.2202797202797203,799
2016-07-28,0.26958105646630237,0.22377622377622378,797
2016-07-29,0.26824817518248173,0.22105263157894736,795
2016-07-30,0.26824817518248173,0.2226148409893993,793
2016-07-31,0.26824817518248173,0.22340425531914893,792
2016-08-01,0.26824817518248173,0.225,790
2016-08-02,0.27041742286751363,0.225,793
2016-08-03,0.27207207207207207,0.22419928825622776,798
2016-08-04,0.2715827338129496,0.22340425531914893,800
2016-08-05,0.26964285714285713,0.22419928825622776,802
2016-08-06,0.2697841726618705,0.22142857142857142,797
2016-08-07,0.2702702702702703,0.2206405693950178,797
2016-08-08,0.2697841726618705,0.21942446043165467,795
2016-08-09,0.26860254083484575,0.21739130434782608,789
2016-08-10,0.26811594202898553,0.2222222222222222,792
2016-08-11,0.26811594202898553,0.22302158273381295,791
2016-08-12,0.26811594202898553,0.22302158273381295,791
2016-08-13,0.26678765880217786,0.22302158273381295,790
2016-08-14,0.26714801444043323,0.22302158273381295,793
2016-08-15,0.26666666666666666,0.22021660649819494,793
2016-08-16,0.26763110307414106,0.22021660649819494,791
2016-08-17,0.26846846846846845,0.21299638989169675,793
2016-08-18,0.26992753623188404,0.21454545454545454,788
2016-08-19,0.27223230490018147,0.21454545454545454,787
2016-08-20,0.27223230490018147,0.213768115942029,788
2016-08-21,0.2717391304347826,0.21454545454545454,788
2016-08-22,0.27256317689530685,0.21299638989169675,791
2016-08-23,0.2715827338129496,0.21299638989169675,793
2016-08-24,0.2715827338129496,0.2114695340501792,795
2016-08-25,0.26895306859205775,0.20938628158844766,792
2016-08-26,0.26860254083484575,0.2109090909090909,788
2016-08-27,0.26545454545454544,0.213768115942029,788
2016-08-28,0.26277372262773724,0.213768115942029,786
2016-08-29,0.2645985401459854,0.21454545454545454,785
2016-08-30,0.2619047619047619,0.21454545454545454,783
2016-08-31,0.263254113345521,0.21611721611721613,783
2016-09-01,0.263254113345521,0.21611721611721613,783
2016-09-02,0.26277372262773724,0.21691176470588236,783
2016-09-03,0.2645985401459854,0.21691176470588236,783
2016-09-04,0.26277372262773724,0.21611721611721613,783
2016-09-05,0.2641165755919854,0.21897810218978103,784
2016-09-06,0.2645985401459854,0.22262773722627738,783
2016-09-07,0.2636363636363636,0.22382671480144403,787
2016-09-08,0.2631578947368421,0.2222222222222222,789
2016-09-09,0.2636363636363636,0.2222222222222222,788
2016-09-10,0.2645985401459854,0.2246376811594203,784
2016-09-11,0.26605504587155965,0.22545454545454546,780
2016-09-12,0.26556776556776557,0.22627737226277372,781
2016-09-13,0.2664233576642336,0.2271062271062271,782
2016-09-14,0.2645985401459854,0.23161764705882354,781
2016-09-15,0.2665441176470588,0.23247232472324722,776
2016-09-16,0.26605504587155965,0.22992700729927007,779
2016-09-17,0.2673992673992674,0.22992700729927007,780
2016-09-18,0.2664233576642336,0.23076923076923078,781
2016-09-19,0.26556776556776557,0.23076923076923078,779
2016-09-20,0.2647058823529412,0.22794117647058823,776
2016-09-21,0.26481481481481484,0.22794117647058823,773
2016-09-22,0.2643253234750462,0.22509225092250923,773
2016-09-23,0.2643253234750462,0.22509225092250923,773
2016-09-24,0.26335174953959484,0.22794117647058823,776
2016-09-25,0.2645985401459854,0.22992700729927007,783
2016-09-26,0.26605504587155965,0.22992700729927007,780
2016-09-27,0.26788990825688075,0.23076923076923078,779
2016-09-28,0.2692307692307692,0.22794117647058823,779
2016-09-29,0.26972477064220185,0.22592592592592592,776
2016-09-30,0.27106227106227104,0.22592592592592592,777
2016-10-01,0.27205882352941174,0.2247191011235955,773
2016-10-02,0.27289377289377287,0.22846441947565543,774
2016-10-03,0.27289377289377287,0.22761194029850745,775
2016-10-04,0.27239488117001825,0.22304832713754646,777
2016-10-05,0.273224043715847,0.22304832713754646,779
2016-10-06,0.27355072463768115,0.22014925373134328,781
2016-10-07,0.2730560578661845,0.2209737827715356,781
2016-10-08,0.2730560578661845,0.2209737827715356,781
2016-10-09,0.27387387387387385,0.2209737827715356,783
2016-10-10,0.2743682310469314,0.21933085501858737,784
2016-10-11,0.27387387387387385,0.21933085501858737,785
2016-10-12,0.2733812949640288,0.21933085501858737,786
2016-10-13,0.27289048473967686,0.21851851851851853,787
2016-10-14,0.27289048473967686,0.21641791044776118,786
2016-10-15,0.2714285714285714,0.21722846441947566,787
2016-10-16,0.2714285714285714,0.21641791044776118,788
2016-10-17,0.2727272727272727,0.21641791044776118,789
2016-10-18,0.2722419928825623,0.21561338289962825,791
2016-10-19,0.2701252236135957,0.21641791044776118,787
2016-10-20,0.2714285714285714,0.21722846441947566,787
2016-10-21,0.27060931899641577,0.21804511278195488,784
2016-10-22,0.2702702702702703,0.21722846441947566,782
2016-10-23,0.26846846846846845,0.21804511278195488,781
2016-10-24,0.26750448833034113,0.22264150943396227,782
2016-10-25,0.26881720430107525,0.22348484848484848,782
2016-10-26,0.26881720430107525,0.22348484848484848,782
2016-10-27,0.26833631484794274,0.22348484848484848,783
2016-10-28,0.26654740608228983,0.22348484848484848,783
2016-10-29,0.26833631484794274,0.2196969696969697,783
2016-10-30,0.26964285714285713,0.2188679245283019,785
2016-10-31,0.26881720430107525,0.2188679245283019,783
2016-11-01,0.2710951526032316,0.2188679245283019,782
2016-11-02,0.2715827338129496,0.22053231939163498,779
2016-11-03,0.2702702702702703,0.21455938697318008,776
2016-11-04,0.2694394213381555,0.21755725190839695,775
2016-11-05,0.26678765880217786,0.21673003802281368,773
2016-11-06,0.26582278481012656,0.21755725190839695,774
2016-11-07,0.26666666666666666,0.21153846153846154,774
2016-11-08,0.26618705035971224,0.2076923076923077,775
2016-11-09,0.26523297491039427,0.20610687022900764,779
2016-11-10,0.26173285198555957,0.20610687022900764,775
2016-11-11,0.26126126126126126,0.20532319391634982,776
2016-11-12,0.26173285198555957,0.20532319391634982,775
2016-11-13,0.26173285198555957,0.2084942084942085,771
2016-11-14,0.26277372262773724,0.20930232558139536,765
2016-11-15,0.26181818181818184,0.20930232558139536,767
2016-11-16,0.26229508196721313,0.20930232558139536,766
2016-11-17,0.26277372262773724,0.21235521235521235,766
2016-11-18,0.26277372262773724,0.2131782945736434,765
2016-11-19,0.26229508196721313,0.2153846153846154,768
2016-11-20,0.26373626373626374,0.2153846153846154,766
2016-11-21,0.2619047619047619,0.21455938697318008,767
2016-11-22,0.26238532110091745,0.21455938697318008,766
2016-11-23,0.2596685082872928,0.21212121212121213,767
2016-11-24,0.25830258302583026,0.21212121212121213,766
2016-11-25,0.25735294117647056,0.21132075471698114,769
2016-11-26,0.2564102564102564,0.21132075471698114,771
2016-11-27,0.2577696526508227,0.21212121212121213,771
2016-11-28,0.25688073394495414,0.21292775665399238,768
2016-11-29,0.25688073394495414,0.21212121212121213,769
2016-11-30,0.2595978062157221,0.21052631578947367,772
2016-12-01,0.2595978062157221,0.21292775665399238,769
2016-12-02,0.2577696526508227,0.21673003802281368,769
2016-12-03,0.25547445255474455,0.21839080459770116,768
2016-12-04,0.25547445255474455,0.21755725190839695,769
2016-12-05,0.2591240875912409,0.2230769230769231,767
2016-12-06,0.2591240875912409,0.2230769230769231,767
2016-12-07,0.2591240875912409,0.2230769230769231,767
2016-12-08,0.25824175824175827,0.22393822393822393,764
2016-12-09,0.25735294117647056,0.22692307692307692,763
2016-12-10,0.25693160813308685,0.2260536398467433,762
2016-12-11,0.25735294117647056,0.2260536398467433,765
2016-12-12,0.2559852670349908,0.22692307692307692,763
2016-12-13,0.25504587155963304,0.22692307692307692,765
2016-12-14,0.25504587155963304,0.22692307692307692,765
2016-12-15,0.25504587155963304,0.2260536398467433,766
2016-12-16,0.25504587155963304,0.22900763358778625,767
2016-12-17,0.2555147058823529,0.22988505747126436,765
2016-12-18,0.26014760147601473,0.22988505747126436,763
2016-12-19,0.2560296846011132,0.23282442748091603,761
2016-12-20,0.25321100917431194,0.23106060606060605,767
2016-12-21,0.25321100917431194,0.23106060606060605,767
2016-12-22,0.25321100917431194,0.2339622641509434,768
2016-12-23,0.2522851919561243,0.23220973782771537,772
2016-12-24,0.2522851919561243,0.23220973782771537,772
2016-12-25,0.25136612021857924,0.23220973782771537,774
2016-12-26,0.2509157509157509,0.23308270676691728,770
2016-12-27,0.2495446265938069,0.22727272727272727,771
2016-12-28,0.24909090909090909,0.22813688212927757,771
2016-12-29,0.24862888482632542,0.22900763358778625,767
2016-12-30,0.24862888482632542,0.22988505747126436,766
2016-12-31,0.2490842490842491,0.22900763358778625,766
